majalovesdogs, 555
signelovesbooks, 777
elsaloveshouses, 999
jeanettelovesbirds, 333













jeanette, 1234
maja, 123
signe, 4455
jeanette, 123
jeanette, 555
maja, 536
signe, 637
hej, 678
hj, 538
maja, 647
jeanette, 123
maja, 637
maja, 536
maja, 234
maja, 365
maja, 234
jeanette, 123
signe, 123
elsa, 123
elsa, 123
elsa, 111
elsa, 111
elsa, 111
elsa, 111
elsa, 111
elsa, 111
elsa, 222
elsa, 222
me, 222
mee, 222
meme, 222
majalovesdogs, 555
majalovesdogs, 555
jesper, 666
qwe, 123
qwe, 123
elsa, 555
ElsaWorld, 444
elsa, 444
elsaAL, 234
elsa, 222
lol, 1
l, 2
ø, 1
æ, 1
l, 2
æ, 1
æ, 1
æ, 3
æ, 2
, 2
æ, 2
l, 2
l, 3
æ, 1
, 3
, 3
, 2
, 3
, 2
, 2
, 2
, 2
, 2
elsa, 123
elsa, 123
elsa, 111
elsa, 111
elsa, 111
elsa, 111
elsa, 111
elsa, 111
elsa, 222
elsa, 222
me, 222
mee, 222
meme, 222
majalovesdogs, 555
majalovesdogs, 555
jesper, 666
qwe, 123
qwe, 123
elsa, 555
ElsaWorld, 444
elsa, 444
elsaAL, 234
elsa, 222
lol, 1
l, 2
ø, 1
æ, 1
l, 2
æ, 1
æ, 1
æ, 3
æ, 2
, 2
æ, 2
l, 2
l, 3
æ, 1
, 3
, 3
, 2
, 3
, 2
, 2
, 2
, 2
, 2
me¨, 2
pizza, 8